<?xml version="1.0" encoding="UTF-8" ?>
<feature
	id="org.eclipse.babel.nls_eclipse_zh"
	label="Babel Language Pack for eclipse in Chinese (Simplified) (85.25%)"
	image="eclipse_update_120.jpg"
	provider-name="%providerName"
	version="4.14.0.v20200113020001">
	<copyright>
		%copyright
	</copyright>
	<license url="%licenseURL">
		%license
	</license>
	<description>Babel Language Pack for eclipse in Chinese (Simplified)</description>
	<plugin fragment="true" id="org.eclipse.ant.core.nl_zh" unpack="false" version="4.14.0.v20200113020001" download-size="4998" install-size="4998" />
	<plugin fragment="true" id="org.eclipse.ant.launching.nl_zh" unpack="false" version="4.14.0.v20200113020001" download-size="8193" install-size="8193" />
	<plugin fragment="true" id="org.eclipse.ant.tests.core.nl_zh" unpack="false" version="4.14.0.v20200113020001" download-size="2118" install-size="2118" />
	<plugin fragment="true" id="org.eclipse.ant.tests.ui.nl_zh" unpack="false" version="4.14.0.v20200113020001" download-size="1504" install-size="1504" />
	<plugin fragment="true" id="org.eclipse.ant.ui.nl_zh" unpack="false" version="4.14.0.v20200113020001" download-size="23625" install-size="23625" />
	<plugin fragment="true" id="org.eclipse.compare.core.nl_zh" unpack="false" version="4.14.0.v20200113020001" download-size="2578" install-size="2578" />
	<plugin fragment="true" id="org.eclipse.compare.examples.nl_zh" unpack="false" version="4.14.0.v20200113020001" download-size="2550" install-size="2550" />
	<plugin fragment="true" id="org.eclipse.compare.examples.xml.nl_zh" unpack="false" version="4.14.0.v20200113020001" download-size="3712" install-size="3712" />
	<plugin fragment="true" id="org.eclipse.compare.nl_zh" unpack="false" version="4.14.0.v20200113020001" download-size="15600" install-size="15600" />
	<plugin fragment="true" id="org.eclipse.compare.win32.nl_zh" unpack="false" version="4.14.0.v20200113020001" download-size="3358" install-size="3358" />
	<plugin fragment="true" id="org.eclipse.core.commands.nl_zh" unpack="false" version="4.14.0.v20200113020001" download-size="1487" install-size="1487" />
	<plugin fragment="true" id="org.eclipse.core.contenttype.nl_zh" unpack="false" version="4.14.0.v20200113020001" download-size="2798" install-size="2798" />
	<plugin fragment="true" id="org.eclipse.core.databinding.beans.nl_zh" unpack="false" version="4.14.0.v20200113020001" download-size="1522" install-size="1522" />
	<plugin fragment="true" id="org.eclipse.core.databinding.nl_zh" unpack="false" version="4.14.0.v20200113020001" download-size="2907" install-size="2907" />
	<plugin fragment="true" id="org.eclipse.core.databinding.observable.nl_zh" unpack="false" version="4.14.0.v20200113020001" download-size="1521" install-size="1521" />
	<plugin fragment="true" id="org.eclipse.core.databinding.property.nl_zh" unpack="false" version="4.14.0.v20200113020001" download-size="1522" install-size="1522" />
	<plugin fragment="true" id="org.eclipse.core.expressions.nl_zh" unpack="false" version="4.14.0.v20200113020001" download-size="3156" install-size="3156" />
	<plugin fragment="true" id="org.eclipse.core.externaltools.nl_zh" unpack="false" version="4.14.0.v20200113020001" download-size="4265" install-size="4265" />
	<plugin fragment="true" id="org.eclipse.core.filebuffers.nl_zh" unpack="false" version="4.14.0.v20200113020001" download-size="4312" install-size="4312" />
	<plugin fragment="true" id="org.eclipse.core.filesystem.linux.ppc64le.nl_zh" unpack="false" version="4.14.0.v20200113020001" download-size="1540" install-size="1540" />
	<plugin fragment="true" id="org.eclipse.core.filesystem.linux.x86_64.nl_zh" unpack="false" version="4.14.0.v20200113020001" download-size="1567" install-size="1567" />
	<plugin fragment="true" id="org.eclipse.core.filesystem.macosx.nl_zh" unpack="false" version="4.14.0.v20200113020001" download-size="1550" install-size="1550" />
	<plugin fragment="true" id="org.eclipse.core.filesystem.nl_zh" unpack="false" version="4.14.0.v20200113020001" download-size="3110" install-size="3110" />
	<plugin fragment="true" id="org.eclipse.core.filesystem.win32.x86_64.nl_zh" unpack="false" version="4.14.0.v20200113020001" download-size="1579" install-size="1579" />
	<plugin fragment="true" id="org.eclipse.core.jobs.nl_zh" unpack="false" version="4.14.0.v20200113020001" download-size="2620" install-size="2620" />
	<plugin fragment="true" id="org.eclipse.core.net.linux.x86_64.nl_zh" unpack="false" version="4.14.0.v20200113020001" download-size="1568" install-size="1568" />
	<plugin fragment="true" id="org.eclipse.core.net.nl_zh" unpack="false" version="4.14.0.v20200113020001" download-size="2395" install-size="2395" />
	<plugin fragment="true" id="org.eclipse.core.net.win32.x86_64.nl_zh" unpack="false" version="4.14.0.v20200113020001" download-size="1565" install-size="1565" />
	<plugin fragment="true" id="org.eclipse.core.resources.nl_zh" unpack="false" version="4.14.0.v20200113020001" download-size="10409" install-size="10409" />
	<plugin fragment="true" id="org.eclipse.core.resources.win32.x86_64.nl_zh" unpack="false" version="4.14.0.v20200113020001" download-size="1618" install-size="1618" />
	<plugin fragment="true" id="org.eclipse.core.runtime.nl_zh" unpack="false" version="4.14.0.v20200113020001" download-size="4062" install-size="4062" />
	<plugin fragment="true" id="org.eclipse.core.tools.nl_zh" unpack="false" version="4.14.0.v20200113020001" download-size="2959" install-size="2959" />
	<plugin fragment="true" id="org.eclipse.core.variables.nl_zh" unpack="false" version="4.14.0.v20200113020001" download-size="2668" install-size="2668" />
	<plugin fragment="true" id="org.eclipse.cvs.nl_zh" unpack="false" version="4.14.0.v20200113020001" download-size="2145" install-size="2145" />
	<plugin fragment="true" id="org.eclipse.debug.core.nl_zh" unpack="false" version="4.14.0.v20200113020001" download-size="8022" install-size="8022" />
	<plugin fragment="true" id="org.eclipse.debug.examples.core.nl_zh" unpack="false" version="4.14.0.v20200113020001" download-size="1989" install-size="1989" />
	<plugin fragment="true" id="org.eclipse.debug.examples.memory.nl_zh" unpack="false" version="4.14.0.v20200113020001" download-size="3015" install-size="3015" />
	<plugin fragment="true" id="org.eclipse.debug.examples.mixedmode.nl_zh" unpack="false" version="4.14.0.v20200113020001" download-size="1841" install-size="1841" />
	<plugin fragment="true" id="org.eclipse.debug.examples.ui.nl_zh" unpack="false" version="4.14.0.v20200113020001" download-size="3349" install-size="3349" />
	<plugin fragment="true" id="org.eclipse.debug.ui.nl_zh" unpack="false" version="4.14.0.v20200113020001" download-size="38521" install-size="38521" />
	<plugin fragment="true" id="org.eclipse.e4.core.contexts.nl_zh" unpack="false" version="4.14.0.v20200113020001" download-size="1496" install-size="1496" />
	<plugin fragment="true" id="org.eclipse.e4.core.di.annotations.nl_zh" unpack="false" version="4.14.0.v20200113020001" download-size="1735" install-size="1735" />
	<plugin fragment="true" id="org.eclipse.e4.core.di.extensions.nl_zh" unpack="false" version="4.14.0.v20200113020001" download-size="1516" install-size="1516" />
	<plugin fragment="true" id="org.eclipse.e4.core.di.extensions.supplier.nl_zh" unpack="false" version="4.14.0.v20200113020001" download-size="1752" install-size="1752" />
	<plugin fragment="true" id="org.eclipse.e4.core.di.nl_zh" unpack="false" version="4.14.0.v20200113020001" download-size="1499" install-size="1499" />
	<plugin fragment="true" id="org.eclipse.e4.core.services.nl_zh" unpack="false" version="4.14.0.v20200113020001" download-size="2785" install-size="2785" />
	<plugin fragment="true" id="org.eclipse.e4.demo.cssbridge.nl_zh" unpack="false" version="4.14.0.v20200113020001" download-size="1539" install-size="1539" />
	<plugin fragment="true" id="org.eclipse.e4.emf.xpath.nl_zh" unpack="false" version="4.14.0.v20200113020001" download-size="1720" install-size="1720" />
	<plugin fragment="true" id="org.eclipse.e4.tools.compat.nl_zh" unpack="false" version="4.14.0.v20200113020001" download-size="2734" install-size="2734" />
	<plugin fragment="true" id="org.eclipse.e4.tools.emf.editor3x.nl_zh" unpack="false" version="4.14.0.v20200113020001" download-size="2965" install-size="2965" />
	<plugin fragment="true" id="org.eclipse.e4.tools.emf.ui.nl_zh" unpack="false" version="4.14.0.v20200113020001" download-size="6818" install-size="6818" />
	<plugin fragment="true" id="org.eclipse.e4.tools.jdt.templates.nl_zh" unpack="false" version="4.14.0.v20200113020001" download-size="1511" install-size="1511" />
	<plugin fragment="true" id="org.eclipse.e4.tools.nl_zh" unpack="false" version="4.14.0.v20200113020001" download-size="2952" install-size="2952" />
	<plugin fragment="true" id="org.eclipse.e4.tools.services.nl_zh" unpack="false" version="4.14.0.v20200113020001" download-size="2758" install-size="2758" />
	<plugin fragment="true" id="org.eclipse.e4.ui.css.core.nl_zh" unpack="false" version="4.14.0.v20200113020001" download-size="1575" install-size="1575" />
	<plugin fragment="true" id="org.eclipse.e4.ui.css.swt.nl_zh" unpack="false" version="4.14.0.v20200113020001" download-size="1498" install-size="1498" />
	<plugin fragment="true" id="org.eclipse.e4.ui.css.swt.theme.nl_zh" unpack="false" version="4.14.0.v20200113020001" download-size="1534" install-size="1534" />
	<plugin fragment="true" id="org.eclipse.e4.ui.di.nl_zh" unpack="false" version="4.14.0.v20200113020001" download-size="1507" install-size="1507" />
	<plugin fragment="true" id="org.eclipse.e4.ui.dialogs.nl_zh" unpack="false" version="4.14.0.v20200113020001" download-size="2572" install-size="2572" />
	<plugin fragment="true" id="org.eclipse.e4.ui.menu.tests.p3.nl_zh" unpack="false" version="4.14.0.v20200113020001" download-size="1700" install-size="1700" />
	<plugin fragment="true" id="org.eclipse.e4.ui.model.workbench.nl_zh" unpack="false" version="4.14.0.v20200113020001" download-size="1573" install-size="1573" />
	<plugin fragment="true" id="org.eclipse.e4.ui.progress.nl_zh" unpack="false" version="4.14.0.v20200113020001" download-size="3953" install-size="3953" />
	<plugin fragment="true" id="org.eclipse.e4.ui.services.nl_zh" unpack="false" version="4.14.0.v20200113020001" download-size="1514" install-size="1514" />
	<plugin fragment="true" id="org.eclipse.e4.ui.swt.gtk.nl_zh" unpack="false" version="4.14.0.v20200113020001" download-size="1479" install-size="1479" />
	<plugin fragment="true" id="org.eclipse.e4.ui.widgets.nl_zh" unpack="false" version="4.14.0.v20200113020001" download-size="1515" install-size="1515" />
	<plugin fragment="true" id="org.eclipse.e4.ui.workbench.renderers.swt.cocoa.nl_zh" unpack="false" version="4.14.0.v20200113020001" download-size="3214" install-size="3214" />
	<plugin fragment="true" id="org.eclipse.e4.ui.workbench3.nl_zh" unpack="false" version="4.14.0.v20200113020001" download-size="1469" install-size="1469" />
	<plugin fragment="true" id="org.eclipse.equinox.frameworkadmin.equinox.nl_zh" unpack="false" version="4.14.0.v20200113020001" download-size="3556" install-size="3556" />
	<plugin fragment="true" id="org.eclipse.equinox.frameworkadmin.nl_zh" unpack="false" version="4.14.0.v20200113020001" download-size="1513" install-size="1513" />
	<plugin fragment="true" id="org.eclipse.equinox.launcher.cocoa.macosx.x86_64.nl_zh" unpack="false" version="4.14.0.v20200113020001" download-size="1628" install-size="1628" />
	<plugin fragment="true" id="org.eclipse.equinox.launcher.gtk.linux.aarch64.nl_zh" unpack="false" version="4.14.0.v20200113020001" download-size="1523" install-size="1523" />
	<plugin fragment="true" id="org.eclipse.equinox.launcher.gtk.linux.ppc64le.nl_zh" unpack="false" version="4.14.0.v20200113020001" download-size="1525" install-size="1525" />
	<plugin fragment="true" id="org.eclipse.equinox.launcher.gtk.linux.x86_64.nl_zh" unpack="false" version="4.14.0.v20200113020001" download-size="1618" install-size="1618" />
	<plugin fragment="true" id="org.eclipse.equinox.launcher.nl_zh" unpack="false" version="4.14.0.v20200113020001" download-size="1510" install-size="1510" />
	<plugin fragment="true" id="org.eclipse.equinox.launcher.win32.win32.x86_64.nl_zh" unpack="false" version="4.14.0.v20200113020001" download-size="1620" install-size="1620" />
	<plugin fragment="true" id="org.eclipse.equinox.p2.artifact.checksums.bouncycastle.nl_zh" unpack="false" version="4.14.0.v20200113020001" download-size="1490" install-size="1490" />
	<plugin fragment="true" id="org.eclipse.equinox.p2.artifact.optimizers.nl_zh" unpack="false" version="4.14.0.v20200113020001" download-size="3006" install-size="3006" />
	<plugin fragment="true" id="org.eclipse.equinox.p2.artifact.processors.nl_zh" unpack="false" version="4.14.0.v20200113020001" download-size="1481" install-size="1481" />
	<plugin fragment="true" id="org.eclipse.equinox.p2.artifact.repository.nl_zh" unpack="false" version="4.14.0.v20200113020001" download-size="5967" install-size="5967" />
	<plugin fragment="true" id="org.eclipse.equinox.p2.console.nl_zh" unpack="false" version="4.14.0.v20200113020001" download-size="2527" install-size="2527" />
	<plugin fragment="true" id="org.eclipse.equinox.p2.core.nl_zh" unpack="false" version="4.14.0.v20200113020001" download-size="2747" install-size="2747" />
	<plugin fragment="true" id="org.eclipse.equinox.p2.director.app.nl_zh" unpack="false" version="4.14.0.v20200113020001" download-size="3054" install-size="3054" />
	<plugin fragment="true" id="org.eclipse.equinox.p2.director.nl_zh" unpack="false" version="4.14.0.v20200113020001" download-size="2691" install-size="2691" />
	<plugin fragment="true" id="org.eclipse.equinox.p2.directorywatcher.nl_zh" unpack="false" version="4.14.0.v20200113020001" download-size="3082" install-size="3082" />
	<plugin fragment="true" id="org.eclipse.equinox.p2.discovery.compatibility.nl_zh" unpack="false" version="4.14.0.v20200113020001" download-size="3016" install-size="3016" />
	<plugin fragment="true" id="org.eclipse.equinox.p2.discovery.nl_zh" unpack="false" version="4.14.0.v20200113020001" download-size="3621" install-size="3621" />
	<plugin fragment="true" id="org.eclipse.equinox.p2.engine.nl_zh" unpack="false" version="4.14.0.v20200113020001" download-size="2680" install-size="2680" />
	<plugin fragment="true" id="org.eclipse.equinox.p2.examples.rcp.cloud.nl_zh" unpack="false" version="4.14.0.v20200113020001" download-size="1596" install-size="1596" />
	<plugin fragment="true" id="org.eclipse.equinox.p2.examples.rcp.discovery.nl_zh" unpack="false" version="4.14.0.v20200113020001" download-size="1600" install-size="1600" />
	<plugin fragment="true" id="org.eclipse.equinox.p2.examples.rcp.sdkbundlevisibility.nl_zh" unpack="false" version="4.14.0.v20200113020001" download-size="3374" install-size="3374" />
	<plugin fragment="true" id="org.eclipse.equinox.p2.extensionlocation.nl_zh" unpack="false" version="4.14.0.v20200113020001" download-size="2832" install-size="2832" />
	<plugin fragment="true" id="org.eclipse.equinox.p2.garbagecollector.nl_zh" unpack="false" version="4.14.0.v20200113020001" download-size="2597" install-size="2597" />
	<plugin fragment="true" id="org.eclipse.equinox.p2.installer.nl_zh" unpack="false" version="4.14.0.v20200113020001" download-size="3080" install-size="3080" />
	<plugin fragment="true" id="org.eclipse.equinox.p2.jarprocessor.nl_zh" unpack="false" version="4.14.0.v20200113020001" download-size="1475" install-size="1475" />
	<plugin fragment="true" id="org.eclipse.equinox.p2.metadata.nl_zh" unpack="false" version="4.14.0.v20200113020001" download-size="2529" install-size="2529" />
	<plugin fragment="true" id="org.eclipse.equinox.p2.metadata.repository.nl_zh" unpack="false" version="4.14.0.v20200113020001" download-size="2997" install-size="2997" />
	<plugin fragment="true" id="org.eclipse.equinox.p2.operations.nl_zh" unpack="false" version="4.14.0.v20200113020001" download-size="2971" install-size="2971" />
	<plugin fragment="true" id="org.eclipse.equinox.p2.publisher.eclipse.nl_zh" unpack="false" version="4.14.0.v20200113020001" download-size="3674" install-size="3674" />
	<plugin fragment="true" id="org.eclipse.equinox.p2.publisher.nl_zh" unpack="false" version="4.14.0.v20200113020001" download-size="1471" install-size="1471" />
	<plugin fragment="true" id="org.eclipse.equinox.p2.reconciler.dropins.nl_zh" unpack="false" version="4.14.0.v20200113020001" download-size="3077" install-size="3077" />
	<plugin fragment="true" id="org.eclipse.equinox.p2.repository.nl_zh" unpack="false" version="4.14.0.v20200113020001" download-size="4945" install-size="4945" />
	<plugin fragment="true" id="org.eclipse.equinox.p2.repository.tools.nl_zh" unpack="false" version="4.14.0.v20200113020001" download-size="4808" install-size="4808" />
	<plugin fragment="true" id="org.eclipse.equinox.p2.tests.discovery.nl_zh" unpack="false" version="4.14.0.v20200113020001" download-size="1619" install-size="1619" />
	<plugin fragment="true" id="org.eclipse.equinox.p2.tests.ui.nl_zh" unpack="false" version="4.14.0.v20200113020001" download-size="1471" install-size="1471" />
	<plugin fragment="true" id="org.eclipse.equinox.p2.tests.verifier.nl_zh" unpack="false" version="4.14.0.v20200113020001" download-size="4875" install-size="4875" />
	<plugin fragment="true" id="org.eclipse.equinox.p2.touchpoint.eclipse.nl_zh" unpack="false" version="4.14.0.v20200113020001" download-size="4040" install-size="4040" />
	<plugin fragment="true" id="org.eclipse.equinox.p2.touchpoint.natives.nl_zh" unpack="false" version="4.14.0.v20200113020001" download-size="3331" install-size="3331" />
	<plugin fragment="true" id="org.eclipse.equinox.p2.transport.ecf.nl_zh" unpack="false" version="4.14.0.v20200113020001" download-size="3644" install-size="3644" />
	<plugin fragment="true" id="org.eclipse.equinox.p2.ui.admin.nl_zh" unpack="false" version="4.14.0.v20200113020001" download-size="3020" install-size="3020" />
	<plugin fragment="true" id="org.eclipse.equinox.p2.ui.admin.rcp.nl_zh" unpack="false" version="4.14.0.v20200113020001" download-size="3095" install-size="3095" />
	<plugin fragment="true" id="org.eclipse.equinox.p2.ui.discovery.nl_zh" unpack="false" version="4.14.0.v20200113020001" download-size="4799" install-size="4799" />
	<plugin fragment="true" id="org.eclipse.equinox.p2.ui.importexport.nl_zh" unpack="false" version="4.14.0.v20200113020001" download-size="3251" install-size="3251" />
	<plugin fragment="true" id="org.eclipse.equinox.p2.ui.nl_zh" unpack="false" version="4.14.0.v20200113020001" download-size="4694" install-size="4694" />
	<plugin fragment="true" id="org.eclipse.equinox.p2.ui.sdk.nl_zh" unpack="false" version="4.14.0.v20200113020001" download-size="3283" install-size="3283" />
	<plugin fragment="true" id="org.eclipse.equinox.p2.ui.sdk.scheduler.nl_zh" unpack="false" version="4.14.0.v20200113020001" download-size="4551" install-size="4551" />
	<plugin fragment="true" id="org.eclipse.equinox.p2.updatechecker.nl_zh" unpack="false" version="4.14.0.v20200113020001" download-size="1474" install-size="1474" />
	<plugin fragment="true" id="org.eclipse.equinox.p2.updatesite.nl_zh" unpack="false" version="4.14.0.v20200113020001" download-size="2992" install-size="2992" />
	<plugin fragment="true" id="org.eclipse.equinox.simpleconfigurator.manipulator.nl_zh" unpack="false" version="4.14.0.v20200113020001" download-size="1535" install-size="1535" />
	<plugin fragment="true" id="org.eclipse.equinox.simpleconfigurator.nl_zh" unpack="false" version="4.14.0.v20200113020001" download-size="1515" install-size="1515" />
	<plugin fragment="true" id="org.eclipse.help.base.nl_zh" unpack="false" version="4.14.0.v20200113020001" download-size="4000" install-size="4000" />
	<plugin fragment="true" id="org.eclipse.help.nl_zh" unpack="false" version="4.14.0.v20200113020001" download-size="1637" install-size="1637" />
	<plugin fragment="true" id="org.eclipse.help.ui.nl_zh" unpack="false" version="4.14.0.v20200113020001" download-size="6536" install-size="6536" />
	<plugin fragment="true" id="org.eclipse.help.webapp.nl_zh" unpack="false" version="4.14.0.v20200113020001" download-size="4983" install-size="4983" />
	<plugin fragment="true" id="org.eclipse.jdt.annotation.nl_zh" unpack="false" version="4.14.0.v20200113020001" download-size="1524" install-size="1524" />
	<plugin fragment="true" id="org.eclipse.jdt.annotation_v1.nl_zh" unpack="false" version="4.14.0.v20200113020001" download-size="1526" install-size="1526" />
	<plugin fragment="true" id="org.eclipse.jdt.apt.core.nl_zh" unpack="false" version="4.14.0.v20200113020001" download-size="4035" install-size="4035" />
	<plugin fragment="true" id="org.eclipse.jdt.apt.pluggable.core.nl_zh" unpack="false" version="4.14.0.v20200113020001" download-size="1565" install-size="1565" />
	<plugin fragment="true" id="org.eclipse.jdt.apt.ui.nl_zh" unpack="false" version="4.14.0.v20200113020001" download-size="4723" install-size="4723" />
	<plugin fragment="true" id="org.eclipse.jdt.astview.nl_zh" unpack="false" version="4.14.0.v20200113020001" download-size="1516" install-size="1516" />
	<plugin fragment="true" id="org.eclipse.jdt.compiler.apt.nl_zh" unpack="false" version="4.14.0.v20200113020001" download-size="1534" install-size="1534" />
	<plugin fragment="true" id="org.eclipse.jdt.compiler.tool.nl_zh" unpack="false" version="4.14.0.v20200113020001" download-size="1548" install-size="1548" />
	<plugin fragment="true" id="org.eclipse.jdt.core.manipulation.nl_zh" unpack="false" version="4.14.0.v20200113020001" download-size="49779" install-size="49779" />
	<plugin fragment="true" id="org.eclipse.jdt.core.nl_zh" unpack="false" version="4.14.0.v20200113020001" download-size="27989" install-size="27989" />
	<plugin fragment="true" id="org.eclipse.jdt.core.tests.builder.nl_zh" unpack="false" version="4.14.0.v20200113020001" download-size="1511" install-size="1511" />
	<plugin fragment="true" id="org.eclipse.jdt.core.tests.compiler.nl_zh" unpack="false" version="4.14.0.v20200113020001" download-size="1510" install-size="1510" />
	<plugin fragment="true" id="org.eclipse.jdt.core.tests.model.nl_zh" unpack="false" version="4.14.0.v20200113020001" download-size="11465" install-size="11465" />
	<plugin fragment="true" id="org.eclipse.jdt.core.tests.performance.nl_zh" unpack="false" version="4.14.0.v20200113020001" download-size="1522" install-size="1522" />
	<plugin fragment="true" id="org.eclipse.jdt.debug.nl_zh" unpack="false" version="4.14.0.v20200113020001" download-size="23413" install-size="23413" />
	<plugin fragment="true" id="org.eclipse.jdt.debug.ui.nl_zh" unpack="false" version="4.14.0.v20200113020001" download-size="33800" install-size="33800" />
	<plugin fragment="true" id="org.eclipse.jdt.doc.isv.nl_zh" unpack="false" version="4.14.0.v20200113020001" download-size="1516" install-size="1516" />
	<plugin fragment="true" id="org.eclipse.jdt.doc.user.nl_zh" unpack="false" version="4.14.0.v20200113020001" download-size="1513" install-size="1513" />
	<plugin fragment="true" id="org.eclipse.jdt.jeview.nl_zh" unpack="false" version="4.14.0.v20200113020001" download-size="1505" install-size="1505" />
	<plugin fragment="true" id="org.eclipse.jdt.junit.core.nl_zh" unpack="false" version="4.14.0.v20200113020001" download-size="4504" install-size="4504" />
	<plugin fragment="true" id="org.eclipse.jdt.junit.nl_zh" unpack="false" version="4.14.0.v20200113020001" download-size="10402" install-size="10402" />
	<plugin fragment="true" id="org.eclipse.jdt.junit.runtime.nl_zh" unpack="false" version="4.14.0.v20200113020001" download-size="3091" install-size="3091" />
	<plugin fragment="true" id="org.eclipse.jdt.junit4.runtime.nl_zh" unpack="false" version="4.14.0.v20200113020001" download-size="1531" install-size="1531" />
	<plugin fragment="true" id="org.eclipse.jdt.junit5.runtime.nl_zh" unpack="false" version="4.14.0.v20200113020001" download-size="1470" install-size="1470" />
	<plugin fragment="true" id="org.eclipse.jdt.launching.macosx.nl_zh" unpack="false" version="4.14.0.v20200113020001" download-size="2667" install-size="2667" />
	<plugin fragment="true" id="org.eclipse.jdt.launching.nl_zh" unpack="false" version="4.14.0.v20200113020001" download-size="7860" install-size="7860" />
	<plugin fragment="true" id="org.eclipse.jdt.launching.ui.macosx.nl_zh" unpack="false" version="4.14.0.v20200113020001" download-size="3386" install-size="3386" />
	<plugin fragment="true" id="org.eclipse.jdt.nl_zh" unpack="false" version="4.14.0.v20200113020001" download-size="2955" install-size="2955" />
	<plugin fragment="true" id="org.eclipse.jdt.ui.examples.javafamily.nl_zh" unpack="false" version="4.14.0.v20200113020001" download-size="3038" install-size="3038" />
	<plugin fragment="true" id="org.eclipse.jdt.ui.examples.projects.nl_zh" unpack="false" version="4.14.0.v20200113020001" download-size="2927" install-size="2927" />
	<plugin fragment="true" id="org.eclipse.jdt.ui.nl_zh" unpack="false" version="4.14.0.v20200113020001" download-size="137873" install-size="137873" />
	<plugin fragment="true" id="org.eclipse.jdt.ui.tests.refactoring.nl_zh" unpack="false" version="4.14.0.v20200113020001" download-size="1516" install-size="1516" />
	<plugin fragment="true" id="org.eclipse.jface.databinding.nl_zh" unpack="false" version="4.14.0.v20200113020001" download-size="1531" install-size="1531" />
	<plugin fragment="true" id="org.eclipse.jface.examples.databinding.nl_zh" unpack="false" version="4.14.0.v20200113020001" download-size="1521" install-size="1521" />
	<plugin fragment="true" id="org.eclipse.jface.nl_zh" unpack="false" version="4.14.0.v20200113020001" download-size="6568" install-size="6568" />
	<plugin fragment="true" id="org.eclipse.jface.tests.databinding.conformance.nl_zh" unpack="false" version="4.14.0.v20200113020001" download-size="1547" install-size="1547" />
	<plugin fragment="true" id="org.eclipse.jface.tests.databinding.nl_zh" unpack="false" version="4.14.0.v20200113020001" download-size="1519" install-size="1519" />
	<plugin fragment="true" id="org.eclipse.jface.text.nl_zh" unpack="false" version="4.14.0.v20200113020001" download-size="12374" install-size="12374" />
	<plugin fragment="true" id="org.eclipse.jsch.core.nl_zh" unpack="false" version="4.14.0.v20200113020001" download-size="2635" install-size="2635" />
	<plugin fragment="true" id="org.eclipse.jsch.ui.nl_zh" unpack="false" version="4.14.0.v20200113020001" download-size="4207" install-size="4207" />
	<plugin fragment="true" id="org.eclipse.ltk.core.refactoring.nl_zh" unpack="false" version="4.14.0.v20200113020001" download-size="5777" install-size="5777" />
	<plugin fragment="true" id="org.eclipse.ltk.ui.refactoring.nl_zh" unpack="false" version="4.14.0.v20200113020001" download-size="8563" install-size="8563" />
	<plugin fragment="true" id="org.eclipse.newMultiEditor.nl_zh" unpack="false" version="4.14.0.v20200113020001" download-size="1521" install-size="1521" />
	<plugin fragment="true" id="org.eclipse.osgi.compatibility.state.nl_zh" unpack="false" version="4.14.0.v20200113020001" download-size="3213" install-size="3213" />
	<plugin fragment="true" id="org.eclipse.osgi.nl_zh" unpack="false" version="4.14.0.v20200113020001" download-size="6099" install-size="6099" />
	<plugin fragment="true" id="org.eclipse.osgi.services.nl_zh" unpack="false" version="4.14.0.v20200113020001" download-size="1540" install-size="1540" />
	<plugin fragment="true" id="org.eclipse.osgi.util.nl_zh" unpack="false" version="4.14.0.v20200113020001" download-size="1537" install-size="1537" />
	<plugin fragment="true" id="org.eclipse.pde.api.tools.annotations.nl_zh" unpack="false" version="4.14.0.v20200113020001" download-size="1702" install-size="1702" />
	<plugin fragment="true" id="org.eclipse.pde.api.tools.ee.cdcfoundation10.nl_zh" unpack="false" version="4.14.0.v20200113020001" download-size="1575" install-size="1575" />
	<plugin fragment="true" id="org.eclipse.pde.api.tools.ee.cdcfoundation11.nl_zh" unpack="false" version="4.14.0.v20200113020001" download-size="1575" install-size="1575" />
	<plugin fragment="true" id="org.eclipse.pde.api.tools.ee.j2se12.nl_zh" unpack="false" version="4.14.0.v20200113020001" download-size="1538" install-size="1538" />
	<plugin fragment="true" id="org.eclipse.pde.api.tools.ee.j2se13.nl_zh" unpack="false" version="4.14.0.v20200113020001" download-size="1540" install-size="1540" />
	<plugin fragment="true" id="org.eclipse.pde.api.tools.ee.j2se14.nl_zh" unpack="false" version="4.14.0.v20200113020001" download-size="1539" install-size="1539" />
	<plugin fragment="true" id="org.eclipse.pde.api.tools.ee.j2se15.nl_zh" unpack="false" version="4.14.0.v20200113020001" download-size="1539" install-size="1539" />
	<plugin fragment="true" id="org.eclipse.pde.api.tools.ee.javase16.nl_zh" unpack="false" version="4.14.0.v20200113020001" download-size="1547" install-size="1547" />
	<plugin fragment="true" id="org.eclipse.pde.api.tools.ee.javase17.nl_zh" unpack="false" version="4.14.0.v20200113020001" download-size="1547" install-size="1547" />
	<plugin fragment="true" id="org.eclipse.pde.api.tools.ee.javase18.nl_zh" unpack="false" version="4.14.0.v20200113020001" download-size="1934" install-size="1934" />
	<plugin fragment="true" id="org.eclipse.pde.api.tools.ee.javase9.nl_zh" unpack="false" version="4.14.0.v20200113020001" download-size="1930" install-size="1930" />
	<plugin fragment="true" id="org.eclipse.pde.api.tools.ee.jre11.nl_zh" unpack="false" version="4.14.0.v20200113020001" download-size="1485" install-size="1485" />
	<plugin fragment="true" id="org.eclipse.pde.api.tools.ee.osgiminimum10.nl_zh" unpack="false" version="4.14.0.v20200113020001" download-size="1507" install-size="1507" />
	<plugin fragment="true" id="org.eclipse.pde.api.tools.ee.osgiminimum11.nl_zh" unpack="false" version="4.14.0.v20200113020001" download-size="1507" install-size="1507" />
	<plugin fragment="true" id="org.eclipse.pde.api.tools.ee.osgiminimum12.nl_zh" unpack="false" version="4.14.0.v20200113020001" download-size="1507" install-size="1507" />
	<plugin fragment="true" id="org.eclipse.pde.api.tools.generator.nl_zh" unpack="false" version="4.14.0.v20200113020001" download-size="1910" install-size="1910" />
	<plugin fragment="true" id="org.eclipse.pde.api.tools.nl_zh" unpack="false" version="4.14.0.v20200113020001" download-size="14715" install-size="14715" />
	<plugin fragment="true" id="org.eclipse.pde.api.tools.ui.nl_zh" unpack="false" version="4.14.0.v20200113020001" download-size="13106" install-size="13106" />
	<plugin fragment="true" id="org.eclipse.pde.build.nl_zh" unpack="false" version="4.14.0.v20200113020001" download-size="6265" install-size="6265" />
	<plugin fragment="true" id="org.eclipse.pde.core.nl_zh" unpack="false" version="4.14.0.v20200113020001" download-size="9395" install-size="9395" />
	<plugin fragment="true" id="org.eclipse.pde.doc.user.nl_zh" unpack="false" version="4.14.0.v20200113020001" download-size="1501" install-size="1501" />
	<plugin fragment="true" id="org.eclipse.pde.ds.annotations.nl_zh" unpack="false" version="4.14.0.v20200113020001" download-size="2886" install-size="2886" />
	<plugin fragment="true" id="org.eclipse.pde.ds.core.nl_zh" unpack="false" version="4.14.0.v20200113020001" download-size="2834" install-size="2834" />
	<plugin fragment="true" id="org.eclipse.pde.ds.lib.nl_zh" unpack="false" version="4.14.0.v20200113020001" download-size="1692" install-size="1692" />
	<plugin fragment="true" id="org.eclipse.pde.ds.ui.nl_zh" unpack="false" version="4.14.0.v20200113020001" download-size="3238" install-size="3238" />
	<plugin fragment="true" id="org.eclipse.pde.ds1_2.lib.nl_zh" unpack="false" version="4.14.0.v20200113020001" download-size="1693" install-size="1693" />
	<plugin fragment="true" id="org.eclipse.pde.genericeditor.extension.nl_zh" unpack="false" version="4.14.0.v20200113020001" download-size="1573" install-size="1573" />
	<plugin fragment="true" id="org.eclipse.pde.junit.runtime.nl_zh" unpack="false" version="4.14.0.v20200113020001" download-size="1510" install-size="1510" />
	<plugin fragment="true" id="org.eclipse.pde.launching.nl_zh" unpack="false" version="4.14.0.v20200113020001" download-size="3350" install-size="3350" />
	<plugin fragment="true" id="org.eclipse.pde.nl_zh" unpack="false" version="4.14.0.v20200113020001" download-size="2597" install-size="2597" />
	<plugin fragment="true" id="org.eclipse.pde.runtime.nl_zh" unpack="false" version="4.14.0.v20200113020001" download-size="3817" install-size="3817" />
	<plugin fragment="true" id="org.eclipse.pde.ua.core.nl_zh" unpack="false" version="4.14.0.v20200113020001" download-size="1570" install-size="1570" />
	<plugin fragment="true" id="org.eclipse.pde.ua.ui.nl_zh" unpack="false" version="4.14.0.v20200113020001" download-size="16191" install-size="16191" />
	<plugin fragment="true" id="org.eclipse.pde.ui.nl_zh" unpack="false" version="4.14.0.v20200113020001" download-size="40926" install-size="40926" />
	<plugin fragment="true" id="org.eclipse.pde.ui.templates.nl_zh" unpack="false" version="4.14.0.v20200113020001" download-size="9291" install-size="9291" />
	<plugin fragment="true" id="org.eclipse.platform.doc.isv.nl_zh" unpack="false" version="4.14.0.v20200113020001" download-size="1523" install-size="1523" />
	<plugin fragment="true" id="org.eclipse.platform.doc.user.nl_zh" unpack="false" version="4.14.0.v20200113020001" download-size="1493" install-size="1493" />
	<plugin fragment="true" id="org.eclipse.platform.nl_zh" unpack="false" version="4.14.0.v20200113020001" download-size="3798" install-size="3798" />
	<plugin fragment="true" id="org.eclipse.sdk.nl_zh" unpack="false" version="4.14.0.v20200113020001" download-size="2924" install-size="2924" />
	<plugin fragment="true" id="org.eclipse.search.nl_zh" unpack="false" version="4.14.0.v20200113020001" download-size="9156" install-size="9156" />
	<plugin fragment="true" id="org.eclipse.swt.examples.browser.demos.nl_zh" unpack="false" version="4.14.0.v20200113020001" download-size="2241" install-size="2241" />
	<plugin fragment="true" id="org.eclipse.swt.examples.launcher.nl_zh" unpack="false" version="4.14.0.v20200113020001" download-size="2318" install-size="2318" />
	<plugin fragment="true" id="org.eclipse.swt.examples.nl_zh" unpack="false" version="4.14.0.v20200113020001" download-size="19890" install-size="19890" />
	<plugin fragment="true" id="org.eclipse.swt.examples.ole.win32.nl_zh" unpack="false" version="4.14.0.v20200113020001" download-size="2505" install-size="2505" />
	<plugin fragment="true" id="org.eclipse.swt.examples.views.nl_zh" unpack="false" version="4.14.0.v20200113020001" download-size="2585" install-size="2585" />
	<plugin fragment="true" id="org.eclipse.swt.fragments.localbuild.nl_zh" unpack="false" version="4.14.0.v20200113020001" download-size="1471" install-size="1471" />
	<plugin fragment="true" id="org.eclipse.swt.internal.accessibility.gtk.properties.nl_zh" unpack="false" version="4.14.0.v20200113020001" download-size="2187" install-size="2187" />
	<plugin fragment="true" id="org.eclipse.swt.nl_zh" unpack="false" version="4.14.0.v20200113020001" download-size="3300" install-size="3300" />
	<plugin fragment="true" id="org.eclipse.swt.opengl.examples.nl_zh" unpack="false" version="4.14.0.v20200113020001" download-size="1958" install-size="1958" />
	<plugin fragment="true" id="org.eclipse.swt.snippets.nl_zh" unpack="false" version="4.14.0.v20200113020001" download-size="1465" install-size="1465" />
	<plugin fragment="true" id="org.eclipse.swt.tools.base.nl_zh" unpack="false" version="4.14.0.v20200113020001" download-size="1496" install-size="1496" />
	<plugin fragment="true" id="org.eclipse.swt.tools.nl_zh" unpack="false" version="4.14.0.v20200113020001" download-size="1605" install-size="1605" />
	<plugin fragment="true" id="org.eclipse.swt.tools.spies.nl_zh" unpack="false" version="4.14.0.v20200113020001" download-size="1534" install-size="1534" />
	<plugin fragment="true" id="org.eclipse.team.core.nl_zh" unpack="false" version="4.14.0.v20200113020001" download-size="4995" install-size="4995" />
	<plugin fragment="true" id="org.eclipse.team.cvs.core.nl_zh" unpack="false" version="4.14.0.v20200113020001" download-size="8723" install-size="8723" />
	<plugin fragment="true" id="org.eclipse.team.cvs.ssh2.nl_zh" unpack="false" version="4.14.0.v20200113020001" download-size="3811" install-size="3811" />
	<plugin fragment="true" id="org.eclipse.team.cvs.ui.nl_zh" unpack="false" version="4.14.0.v20200113020001" download-size="27429" install-size="27429" />
	<plugin fragment="true" id="org.eclipse.team.examples.filesystem.nl_zh" unpack="false" version="4.14.0.v20200113020001" download-size="3446" install-size="3446" />
	<plugin fragment="true" id="org.eclipse.team.genericeditor.diff.extension.nl_zh" unpack="false" version="4.14.0.v20200113020001" download-size="1565" install-size="1565" />
	<plugin fragment="true" id="org.eclipse.team.tests.core.nl_zh" unpack="false" version="4.14.0.v20200113020001" download-size="1467" install-size="1467" />
	<plugin fragment="true" id="org.eclipse.team.tests.cvs.core.nl_zh" unpack="false" version="4.14.0.v20200113020001" download-size="1743" install-size="1743" />
	<plugin fragment="true" id="org.eclipse.team.ui.nl_zh" unpack="false" version="4.14.0.v20200113020001" download-size="14567" install-size="14567" />
	<plugin fragment="true" id="org.eclipse.tests.urischeme.nl_zh" unpack="false" version="4.14.0.v20200113020001" download-size="1472" install-size="1472" />
	<plugin fragment="true" id="org.eclipse.text.nl_zh" unpack="false" version="4.14.0.v20200113020001" download-size="4983" install-size="4983" />
	<plugin fragment="true" id="org.eclipse.text.quicksearch.nl_zh" unpack="false" version="4.14.0.v20200113020001" download-size="2688" install-size="2688" />
	<plugin fragment="true" id="org.eclipse.tips.core.nl_zh" unpack="false" version="4.14.0.v20200113020001" download-size="1691" install-size="1691" />
	<plugin fragment="true" id="org.eclipse.tips.ide.nl_zh" unpack="false" version="4.14.0.v20200113020001" download-size="2542" install-size="2542" />
	<plugin fragment="true" id="org.eclipse.tips.json.nl_zh" unpack="false" version="4.14.0.v20200113020001" download-size="1691" install-size="1691" />
	<plugin fragment="true" id="org.eclipse.tips.ui.nl_zh" unpack="false" version="4.14.0.v20200113020001" download-size="2580" install-size="2580" />
	<plugin fragment="true" id="org.eclipse.tools.layout.spy.nl_zh" unpack="false" version="4.14.0.v20200113020001" download-size="2795" install-size="2795" />
	<plugin fragment="true" id="org.eclipse.ui.browser.nl_zh" unpack="false" version="4.14.0.v20200113020001" download-size="3865" install-size="3865" />
	<plugin fragment="true" id="org.eclipse.ui.cheatsheets.nl_zh" unpack="false" version="4.14.0.v20200113020001" download-size="6079" install-size="6079" />
	<plugin fragment="true" id="org.eclipse.ui.cocoa.nl_zh" unpack="false" version="4.14.0.v20200113020001" download-size="1542" install-size="1542" />
	<plugin fragment="true" id="org.eclipse.ui.console.nl_zh" unpack="false" version="4.14.0.v20200113020001" download-size="3726" install-size="3726" />
	<plugin fragment="true" id="org.eclipse.ui.editors.nl_zh" unpack="false" version="4.14.0.v20200113020001" download-size="14285" install-size="14285" />
	<plugin fragment="true" id="org.eclipse.ui.examples.contributions.nl_zh" unpack="false" version="4.14.0.v20200113020001" download-size="3605" install-size="3605" />
	<plugin fragment="true" id="org.eclipse.ui.examples.fieldassist.nl_zh" unpack="false" version="4.14.0.v20200113020001" download-size="3904" install-size="3904" />
	<plugin fragment="true" id="org.eclipse.ui.examples.javaeditor.nl_zh" unpack="false" version="4.14.0.v20200113020001" download-size="4302" install-size="4302" />
	<plugin fragment="true" id="org.eclipse.ui.examples.job.nl_zh" unpack="false" version="4.14.0.v20200113020001" download-size="1469" install-size="1469" />
	<plugin fragment="true" id="org.eclipse.ui.examples.multipageeditor.nl_zh" unpack="false" version="4.14.0.v20200113020001" download-size="2583" install-size="2583" />
	<plugin fragment="true" id="org.eclipse.ui.examples.navigator.nl_zh" unpack="false" version="4.14.0.v20200113020001" download-size="1542" install-size="1542" />
	<plugin fragment="true" id="org.eclipse.ui.examples.propertysheet.nl_zh" unpack="false" version="4.14.0.v20200113020001" download-size="3706" install-size="3706" />
	<plugin fragment="true" id="org.eclipse.ui.examples.readmetool.nl_zh" unpack="false" version="4.14.0.v20200113020001" download-size="4725" install-size="4725" />
	<plugin fragment="true" id="org.eclipse.ui.examples.undo.nl_zh" unpack="false" version="4.14.0.v20200113020001" download-size="2965" install-size="2965" />
	<plugin fragment="true" id="org.eclipse.ui.examples.uriSchemeHandler.nl_zh" unpack="false" version="4.14.0.v20200113020001" download-size="1480" install-size="1480" />
	<plugin fragment="true" id="org.eclipse.ui.examples.views.properties.tabbed.article.nl_zh" unpack="false" version="4.14.0.v20200113020001" download-size="1627" install-size="1627" />
	<plugin fragment="true" id="org.eclipse.ui.externaltools.nl_zh" unpack="false" version="4.14.0.v20200113020001" download-size="9003" install-size="9003" />
	<plugin fragment="true" id="org.eclipse.ui.forms.examples.nl_zh" unpack="false" version="4.14.0.v20200113020001" download-size="1556" install-size="1556" />
	<plugin fragment="true" id="org.eclipse.ui.forms.nl_zh" unpack="false" version="4.14.0.v20200113020001" download-size="2515" install-size="2515" />
	<plugin fragment="true" id="org.eclipse.ui.genericeditor.nl_zh" unpack="false" version="4.14.0.v20200113020001" download-size="2526" install-size="2526" />
	<plugin fragment="true" id="org.eclipse.ui.ide.application.nl_zh" unpack="false" version="4.14.0.v20200113020001" download-size="1909" install-size="1909" />
	<plugin fragment="true" id="org.eclipse.ui.ide.nl_zh" unpack="false" version="4.14.0.v20200113020001" download-size="39575" install-size="39575" />
	<plugin fragment="true" id="org.eclipse.ui.intro.nl_zh" unpack="false" version="4.14.0.v20200113020001" download-size="4117" install-size="4117" />
	<plugin fragment="true" id="org.eclipse.ui.intro.quicklinks.examples.nl_zh" unpack="false" version="4.14.0.v20200113020001" download-size="1476" install-size="1476" />
	<plugin fragment="true" id="org.eclipse.ui.intro.quicklinks.nl_zh" unpack="false" version="4.14.0.v20200113020001" download-size="1524" install-size="1524" />
	<plugin fragment="true" id="org.eclipse.ui.intro.universal.nl_zh" unpack="false" version="4.14.0.v20200113020001" download-size="16637" install-size="16637" />
	<plugin fragment="true" id="org.eclipse.ui.monitoring.nl_zh" unpack="false" version="4.14.0.v20200113020001" download-size="3050" install-size="3050" />
	<plugin fragment="true" id="org.eclipse.ui.navigator.nl_zh" unpack="false" version="4.14.0.v20200113020001" download-size="4429" install-size="4429" />
	<plugin fragment="true" id="org.eclipse.ui.navigator.resources.nl_zh" unpack="false" version="4.14.0.v20200113020001" download-size="4255" install-size="4255" />
	<plugin fragment="true" id="org.eclipse.ui.net.nl_zh" unpack="false" version="4.14.0.v20200113020001" download-size="2951" install-size="2951" />
	<plugin fragment="true" id="org.eclipse.ui.nl_zh" unpack="false" version="4.14.0.v20200113020001" download-size="6372" install-size="6372" />
	<plugin fragment="true" id="org.eclipse.ui.tests.navigator.nl_zh" unpack="false" version="4.14.0.v20200113020001" download-size="1609" install-size="1609" />
	<plugin fragment="true" id="org.eclipse.ui.tests.rcp.nl_zh" unpack="false" version="4.14.0.v20200113020001" download-size="1494" install-size="1494" />
	<plugin fragment="true" id="org.eclipse.ui.tests.views.properties.tabbed.nl_zh" unpack="false" version="4.14.0.v20200113020001" download-size="1644" install-size="1644" />
	<plugin fragment="true" id="org.eclipse.ui.themes.nl_zh" unpack="false" version="4.14.0.v20200113020001" download-size="1524" install-size="1524" />
	<plugin fragment="true" id="org.eclipse.ui.trace.nl_zh" unpack="false" version="4.14.0.v20200113020001" download-size="3054" install-size="3054" />
	<plugin fragment="true" id="org.eclipse.ui.views.log.nl_zh" unpack="false" version="4.14.0.v20200113020001" download-size="4079" install-size="4079" />
	<plugin fragment="true" id="org.eclipse.ui.views.nl_zh" unpack="false" version="4.14.0.v20200113020001" download-size="2919" install-size="2919" />
	<plugin fragment="true" id="org.eclipse.ui.views.properties.tabbed.nl_zh" unpack="false" version="4.14.0.v20200113020001" download-size="3299" install-size="3299" />
	<plugin fragment="true" id="org.eclipse.ui.win32.nl_zh" unpack="false" version="4.14.0.v20200113020001" download-size="2870" install-size="2870" />
	<plugin fragment="true" id="org.eclipse.ui.workbench.nl_zh" unpack="false" version="4.14.0.v20200113020001" download-size="29593" install-size="29593" />
	<plugin fragment="true" id="org.eclipse.ui.workbench.texteditor.nl_zh" unpack="false" version="4.14.0.v20200113020001" download-size="14845" install-size="14845" />
	<plugin fragment="true" id="org.eclipse.update.configurator.nl_zh" unpack="false" version="4.14.0.v20200113020001" download-size="3608" install-size="3608" />
	<plugin fragment="true" id="org.eclipse.urischeme.nl_zh" unpack="false" version="4.14.0.v20200113020001" download-size="1469" install-size="1469" />
</feature>